module_id,module_name,page_group_route,required_functionality,implementation_status,child_routes,api_contract,test_evidence
M01,"Workspace, design system and application shell",/app/foundation/landing,"Public landing: product overview, module overview, sign-in and demo-mode disclosure.",planned,,,
M01,"Workspace, design system and application shell",/app/foundation/authentication,"Sign-in, session-expired, forbidden, not-found and recoverable-error pages.",planned,,,
M01,"Workspace, design system and application shell",/app/foundation/dashboard,"Role-specific dashboard shells, global search, notifications drawer, profile menu and mobile navigation.",planned,,,
M01,"Workspace, design system and application shell",/app/foundation/components,"Component gallery: tables, filters, pagination, forms, date/time input, dialogs, timeline, charts, empty/loading/error states.",planned,,,
M02,"Identity, role permissions and record scope",/app/identity/login,Login and demo persona selector; password reset request and reset confirmation.,planned,,,
M02,"Identity, role permissions and record scope",/app/identity/my-account,"My profile, change password and active sessions.",planned,,,
M02,"Identity, role permissions and record scope",/app/identity/users,User list/detail/create/edit; membership and role assignment; permission matrix.,planned,,,
M02,"Identity, role permissions and record scope",/app/identity/audit,"Audit explorer filtered by actor, resource, institution and date.",planned,,,
M03,"University organization, posts and configuration",/app/organization/university,University profile and branding settings; campus/college hierarchy tree.,planned,,,
M03,"University organization, posts and configuration",/app/organization/hierarchy,"Institute, department, designation and post lists with create/edit/detail forms.",planned,,,
M03,"University organization, posts and configuration",/app/organization/post-assignments,Staff-to-post assignments and delegated responsibility dates.,planned,,,
M03,"University organization, posts and configuration",/app/organization/settings,"Academic year/session settings, numbering settings and module configuration.",planned,,,
M04,"Versioned forms, localization and content configuration",/app/forms/builder,Form builder list/editor/preview/publish/history.,planned,,,
M04,"Versioned forms, localization and content configuration",/app/forms/submissions,Submission list/detail and validation errors.,planned,,,
M04,"Versioned forms, localization and content configuration",/app/forms/translations,English/Hindi label dictionary with missing-translation view.,planned,,,
M04,"Versioned forms, localization and content configuration",/app/forms/templates,Document template and FAQ/content editor with preview.,planned,,,
M05,Academic masters and configurable curriculum,/app/academics/catalog,"Program, course, subject and term lists with detail/create/edit/archive.",planned,,,
M05,Academic masters and configurable curriculum,/app/academics/schemes,"Scheme version editor: components, weights, credits, passing rules and grading bands.",planned,,,
M05,Academic masters and configurable curriculum,/app/academics/electives,"Elective groups, prerequisites and student subject registration.",planned,,,
M05,Academic masters and configurable curriculum,/app/academics/teaching,Teaching assignment and faculty workload pages; syllabus upload/download.,planned,,,
M06,"Admissions, import mapping and enrollment",/app/admissions/apply,"Applicant registration, application wizard, documents, preview and status timeline.",planned,,,
M06,"Admissions, import mapping and enrollment",/app/admissions/review,"Admissions dashboard, reviewer queue, application detail and correction/approval actions.",planned,,,
M06,"Admissions, import mapping and enrollment",/app/admissions/imports,"CSV import wizard: upload, external-code mapping, dry run, row errors and commit.",planned,,,
M06,"Admissions, import mapping and enrollment",/app/admissions/enrollment,"Registration/enrollment ID registry, transfer/withdrawal record and enrollment confirmation.",planned,,,
M07,Student lifecycle and unified record,/app/students/overview,"Student dashboard with live summaries, student directory and Student 360 detail.",planned,,,
M07,Student lifecycle and unified record,/app/students/profile,"Profile correction request, ID card preview/download and document locker.",planned,,,
M07,Student lifecycle and unified record,/app/students/lifecycle,"Subject enrollment, progression, transfer, withdrawal and graduation status.",planned,,,
M07,Student lifecycle and unified record,/app/students/alumni,Alumni profile and service eligibility screen.,planned,,,
M08,Attendance and academic engagement,/app/attendance/capture,"Faculty class roster, attendance capture and session history.",planned,,,
M08,Attendance and academic engagement,/app/attendance/corrections,Attendance correction request/review and bulk upload preview.,planned,,,
M08,Attendance and academic engagement,/app/attendance/my-attendance,"Student course attendance detail, trend and shortage explanation.",planned,,,
M08,Attendance and academic engagement,/app/attendance/reports,Staff attendance analytics and downloadable scoped report.,planned,,,
M09,"Timetable, rooms and academic calendar",/app/timetable/calendar,"Weekly/day timetable for student, faculty and administrator.",planned,,,
M09,"Timetable, rooms and academic calendar",/app/timetable/editor,"Timetable editor, room list/capacity and conflict checker.",planned,,,
M09,"Timetable, rooms and academic calendar",/app/timetable/reschedule,Substitution/reschedule workflow and affected-class notice preview.,planned,,,
M09,"Timetable, rooms and academic calendar",/app/timetable/events,"Academic calendar, holidays, assessment dates and calendar export.",planned,,,
M10,"Fees, payments, reconciliation and finance",/app/finance/rules,Fee head/category/rule configuration; concession and late-fee configuration.,planned,,,
M10,"Fees, payments, reconciliation and finance",/app/finance/my-fees,"Student invoices, checkout, payment attempts, receipts and refund status.",planned,,,
M10,"Fees, payments, reconciliation and finance",/app/finance/reconciliation,"Finance dashboard, fund/budget register, cash/bank collection ledger, reconciliation queue and exception detail.",planned,,,
M10,"Fees, payments, reconciliation and finance",/app/finance/concessions,Scholarship/concession request review and finance export.,planned,,,
M11,"Exam applications, eligibility and hall tickets",/app/exam-applications/cycles,"Exam cycle/setup, regular/private/backlog policy and application windows.",planned,,,
M11,"Exam applications, eligibility and hall tickets",/app/exam-applications/apply,"Student exam application wizard, eligibility explanation, fee link and status.",planned,,,
M11,"Exam applications, eligibility and hall tickets",/app/exam-applications/review,"Exam office review queue, exceptions and subject roster.",planned,,,
M11,"Exam applications, eligibility and hall tickets",/app/exam-applications/hall-tickets,Roll-number assignment and hall ticket preview/download.,planned,,,
M12,"Exam scheduling, centers and materials",/app/exam-operations/schedule,Exam timetable builder and conflict report.,planned,,,
M12,"Exam scheduling, centers and materials",/app/exam-operations/centers,"Center/room verification, capacity and seating allocation.",planned,,,
M12,"Exam scheduling, centers and materials",/app/exam-operations/invigilators,"Invigilator duty roster, appointment and acknowledgement.",planned,,,
M12,"Exam scheduling, centers and materials",/app/exam-operations/materials,"Answer-book stock/serial ranges, dispatch, receipt, usage and return register.",planned,,,
M13,Paper setters and confidential question bank,/app/question-papers/appointments,Setter panel and appointment requests; acceptance/rejection with reason.,planned,,,
M13,Paper setters and confidential question bank,/app/question-papers/papers,"Secure paper upload, version list, review and approval.",planned,,,
M13,Paper setters and confidential question bank,/app/question-papers/question-bank,Question bank by subject/topic/difficulty and draft paper assembly.,planned,,,
M13,Paper setters and confidential question bank,/app/question-papers/access,Controlled download/access audit and confidentiality settings.,planned,,,
M14,"Marks entry, moderation and approval",/app/assessment/marks,Faculty assessment roster and component-wise marks grid.,planned,,,
M14,"Marks entry, moderation and approval",/app/assessment/imports,CSV marks import preview/errors and submission summary.,planned,,,
M14,"Marks entry, moderation and approval",/app/assessment/moderation,"Moderator review, discrepancy queue and approval history.",planned,,,
M14,"Marks entry, moderation and approval",/app/assessment/my-assessments,Student published assessment breakdown; unpublished marks hidden.,planned,,,
M15,"Results, transcripts and academic progression",/app/results/tabulation,"Tabulation preview, validation errors and result approval queue.",planned,,,
M15,"Results, transcripts and academic progression",/app/results/publication,Publication dashboard and revision comparison.,planned,,,
M15,"Results, transcripts and academic progression",/app/results/my-results,"Student result/grade card, transcript download and progression status.",planned,,,
M15,"Results, transcripts and academic progression",/app/results/reports,"Pass list, withheld list, summary and export.",planned,,,
M16,Revaluation and retotalling,/app/revaluation/apply,"Student eligible-paper list, revaluation/retotalling request and fee status.",planned,,,
M16,Revaluation and retotalling,/app/revaluation/assignments,"Exam-office request queue, reviewer assignment and deadline tracking.",planned,,,
M16,Revaluation and retotalling,/app/revaluation/outcomes,"Reviewer outcome entry, approval and result revision link.",planned,,,
M16,Revaluation and retotalling,/app/revaluation/my-decisions,Student decision notice and before/after comparison.,planned,,,
M17,Certificates and digital document verification,/app/certificates/catalog,"Certificate catalog, eligibility checklist, request form and tracking.",planned,,,
M17,Certificates and digital document verification,/app/certificates/review,Staff review/approval/issuance queue and template preview.,planned,,,
M17,Certificates and digital document verification,/app/certificates/my-certificates,"My certificates, download, sharing/verification link and revocation status.",planned,,,
M17,Certificates and digital document verification,/app/certificates/verify,Public QR verification page with minimal fields.,planned,,,
M18,"Student helpdesk, grievances and service desk",/app/helpdesk/my-tickets,"Student service catalog, ticket form with attachments and my tickets.",planned,,,
M18,"Student helpdesk, grievances and service desk",/app/helpdesk/ticket-detail,"Ticket detail with public thread, status timeline and reopen action.",planned,,,
M18,"Student helpdesk, grievances and service desk",/app/helpdesk/staff-inbox,"Staff inbox, assignment, priority, escalation and SLA views.",planned,,,
M18,"Student helpdesk, grievances and service desk",/app/helpdesk/knowledge,Knowledge base and service category configuration.,planned,,,
M19,Hostel operations,/app/hostel/inventory,Hostel/building/room/bed inventory and occupancy map.,planned,,,
M19,Hostel operations,/app/hostel/apply,"Student application, preferences, eligibility and waitlist position.",planned,,,
M19,Hostel operations,/app/hostel/allocations,"Warden review, allocation, room transfer, check-in/out and clearance.",planned,,,
M19,Hostel operations,/app/hostel/reports,"Hostel charges, complaints and occupancy/dues reports.",planned,,,
M20,Transport operations,/app/transport/routes,"Routes/stops, vehicles, capacity, drivers and service calendar.",planned,,,
M20,Transport operations,/app/transport/my-pass,"Student route subscription, pass, renewal and cancellation.",planned,,,
M20,Transport operations,/app/transport/operations,"Transport manager allocation/waitlist, vehicle substitution and trip log.",planned,,,
M20,Transport operations,/app/transport/tracking,"Map or route schematic, simulated vehicle position and utilization reports.",planned,,,
M21,Parent and guardian portal,/app/guardians/linking,Guardian invitation/link verification and consent/authority record.,planned,,,
M21,Parent and guardian portal,/app/guardians/dashboard,Guardian dashboard and linked-student switcher.,planned,,,
M21,Parent and guardian portal,/app/guardians/student-summary,"Permitted attendance, fee, published-result and notice views.",planned,,,
M21,Parent and guardian portal,/app/guardians/permissions,"Access preferences, contact update request and relationship revocation.",planned,,,
M22,"Notices, notifications and calendar communication",/app/communications/notices,"Notice compose/preview, audience selection, scheduling and publication.",planned,,,
M22,"Notices, notifications and calendar communication",/app/communications/inbox,"Personal notification center, read/unread and preferences.",planned,,,
M22,"Notices, notifications and calendar communication",/app/communications/outbox,"Delivery outbox, retry, failure details and simulated provider inbox.",planned,,,
M22,"Notices, notifications and calendar communication",/app/communications/calendar,Academic/event calendar subscription and document attachments.,planned,,,
M23,"Committees, tasks and notesheets",/app/governance/committees,"Committee list, member tenure, meeting agenda and decisions.",planned,,,
M23,"Committees, tasks and notesheets",/app/governance/tasks,"Task board/list/detail with assignee, due date and priority.",planned,,,
M23,"Committees, tasks and notesheets",/app/governance/notesheets,"Notesheet compose, attachments, forwarding, review and decision timeline.",planned,,,
M23,"Committees, tasks and notesheets",/app/governance/approvals,My pending approvals and overdue-work dashboard.,planned,,,
M24,E-register and document movement,/app/registers/entries,"Inward/outward register lists, create entry and document detail.",planned,,,
M24,E-register and document movement,/app/registers/numbering,Number format/sequence configuration and printable acknowledgement.,planned,,,
M24,E-register and document movement,/app/registers/movement,"Document dispatch, recipient acknowledgement and movement history.",planned,,,
M24,E-register and document movement,/app/registers/reports,"Search, date/type filters and authorized export.",planned,,,
M25,Staff establishment and leave,/app/hr/employees,"Employee directory/detail, appointment/post history and service documents.",planned,,,
M25,Staff establishment and leave,/app/hr/my-leave,"Leave policies, balances, application and personal calendar.",planned,,,
M25,Staff establishment and leave,/app/hr/approvals,"Manager approval queue, delegation and team absence calendar.",planned,,,
M25,Staff establishment and leave,/app/hr/establishment,"Vacancy, retirement/pension-case and establishment-case registers.",planned,,,
M26,Payroll and expenditure prototype,/app/payroll/structures,Salary component/structure editor and effective-date assignments.,planned,,,
M26,Payroll and expenditure prototype,/app/payroll/runs,"Monthly payroll draft, validation, approval and simulated disbursement.",planned,,,
M26,Payroll and expenditure prototype,/app/payroll/my-payslips,Employee payslip and payroll history.,planned,,,
M26,Payroll and expenditure prototype,/app/payroll/claims,"Expense claim, attachment, approval and reimbursement status.",planned,,,
M27,Library services,/app/library/catalog,"Searchable catalog, book detail and availability.",planned,,,
M27,Library services,/app/library/accessions,Catalog/accession management and borrower membership.,planned,,,
M27,Library services,/app/library/circulation,"Issue/return/renew counter, reservations and waiting queue.",planned,,,
M27,Library services,/app/library/my-library,"Student loans, due dates, fines and library clearance.",planned,,,
M28,"Inventory, procurement and assets",/app/inventory/masters,"Item/category/vendor masters, stock ledger and low-stock view.",planned,,,
M28,"Inventory, procurement and assets",/app/inventory/procurement,"Requisition, approval, purchase order and goods receipt.",planned,,,
M28,"Inventory, procurement and assets",/app/inventory/movements,"Issue/return, department transfer and asset assignment.",planned,,,
M28,"Inventory, procurement and assets",/app/inventory/assets,"Stock count, adjustment approval and maintenance history.",planned,,,
M29,"Research, accreditation, establishment and finance MIS",/app/mis/dashboard,Leadership dashboard with drill-down and filters.,planned,,,
M29,"Research, accreditation, establishment and finance MIS",/app/mis/research,"Research publications, projects, PhD records and patents.",planned,,,
M29,"Research, accreditation, establishment and finance MIS",/app/mis/accreditation,Accreditation/activity evidence register and reporting-period snapshots.,planned,,,
M29,"Research, accreditation, establishment and finance MIS",/app/mis/reports,Enrollment/results/staffing/vacancy/finance/student-welfare reports and export builder.,planned,,,
M30,Feedback and surveys,/app/feedback/surveys,"Survey builder/templates, audience and schedule.",planned,,,
M30,Feedback and surveys,/app/feedback/respond,Student/faculty response form and completion history.,planned,,,
M30,Feedback and surveys,/app/feedback/analytics,"Response dashboard, topic summaries and authorized export.",planned,,,
M30,Feedback and surveys,/app/feedback/actions,Action items linked to survey outcomes.,planned,,,
M31,AI chat assistant and voice interface,/app/assistant/chat,Assistant full page and contextual drawer.,planned,,,
M31,AI chat assistant and voice interface,/app/assistant/history,"Conversation history controls, source cards and linked records.",planned,,,
M31,AI chat assistant and voice interface,/app/assistant/voice,"Voice input/output controls, transcript and microphone error/fallback.",planned,,,
M31,AI chat assistant and voice interface,/app/assistant/evaluation,"Admin knowledge articles, source versions and AI evaluation dashboard.",planned,,,
M32,Performance prediction and early-support analytics,/app/predictions/dashboard,Prediction dashboard with cohort filter and data/model version.,planned,,,
M32,Performance prediction and early-support analytics,/app/predictions/student-support,"Individual support profile with score, drivers, uncertainty and history.",planned,,,
M32,Performance prediction and early-support analytics,/app/predictions/training,Synthetic training/evaluation console and threshold scenario comparison.,planned,,,
M32,Performance prediction and early-support analytics,/app/predictions/interventions,"Advisor review, outreach task and outcome tracking.",planned,,,
M33,Personalized learning recommendations,/app/learning/my-plan,"Student learning dashboard, topic mastery and suggested resources.",planned,,,
M33,Personalized learning recommendations,/app/learning/resources,"Resource catalog/editor tagged by topic, difficulty, language and format.",planned,,,
M33,Personalized learning recommendations,/app/learning/progress,"Personal learning plan, progress/completion and feedback.",planned,,,
M33,Personalized learning recommendations,/app/learning/faculty,Faculty recommendation review and aggregate engagement.,planned,,,
M34,Mobile app and offline-safe access,/app/mobile/home,Complete responsive student/guardian navigation on phone.,planned,,,
M34,Mobile app and offline-safe access,/app/mobile/install,Install/update/offline indicators and download states.,planned,,,
M34,Mobile app and offline-safe access,/app/mobile/android,Native Android app shell with deep links and permission screens.,planned,,,
M34,Mobile app and offline-safe access,/app/mobile/settings,"Settings: language, notifications, privacy, logout and local-data clearing.",planned,,,
M35,"Demo control center, integrations and operations",/app/demo-operations/scenarios,Restricted demo control center: scenario catalog and reset/seed status.,planned,,,
M35,"Demo control center, integrations and operations",/app/demo-operations/integrations,"Integration mode/health dashboard, simulator event history and retry.",planned,,,
M35,"Demo control center, integrations and operations",/app/demo-operations/jobs,"Background job status, audit/search, storage usage and backup/restore guide.",planned,,,
M35,"Demo control center, integrations and operations",/app/demo-operations/clock,Scenario time controls with prominent simulated-clock indicator.,planned,,,
M36,"Complete UI audit, end-to-end rehearsal and release",/app/release/coverage,All page inventory entries must be reachable by the correct persona.,planned,,,
M36,"Complete UI audit, end-to-end rehearsal and release",/app/release/reviewer-guide,"Reviewer guide, demo scenario index and feature/integration disclosure page.",planned,,,
M36,"Complete UI audit, end-to-end rehearsal and release",/app/release/accessibility,Complete English/Hindi primary navigation and accessible state coverage.,planned,,,
